INSERT INTO courses (id, name)
VALUES (1, 'Biology'),
       (2, 'Math'),
       (3, 'Art'),
       (4, 'History'),
       (5, 'Physics'),
       (6, 'Chemistry'),
       (7, 'English'),
       (8, 'P.E.'),
       (9, 'Algebra'),
       (10, 'Geometry');

INSERT INTO groups (id, name)
VALUES (1, 'WP-10'),
       (2, 'DS-35'),
       (3, 'MF-23'),
       (4, 'VC-33'),
       (5, 'LW-34');

INSERT INTO students_courses (student_id, course_id)
VALUES (1, 8),
       (1, 9),
       (2, 4),
       (2, 5),
       (2, 4),
       (3, 2),
       (3, 5),
       (3, 3),
       (4, 8),
       (4, 6),
       (4, 3),
       (5, 6),
       (5, 6),
       (6, 3),
       (6, 5),
       (6, 6),
       (7, 5),
       (8, 5),
       (9, 8),
       (9, 1),
       (10, 8),
       (11, 9),
       (11, 8),
       (11, 8),
       (12, 3),
       (12, 5),
       (13, 1),
       (13, 4),
       (14, 2),
       (14, 9),
       (15, 2),
       (16, 5),
       (16, 7),
       (17, 7),
       (18, 8),
       (19, 5),
       (20, 3),
       (21, 8);

INSERT INTO students (id, group_id, first_name, last_name)
VALUES (1, 1, 'Miles', 'Thomas'),
       (2, 1, 'Brian', 'Lewis'),
       (3, 1, 'Jorge', 'Roberts'),
       (4, 2, 'Brian', 'Green'),
       (5, 2, 'Miles', 'Williams'),
       (6, 2, 'Debra', 'Harris'),
       (7, 2, 'John', 'Thomas'),
       (8, 2, 'Jorge', 'Harris'),
       (9, 2, 'Isabel', 'Edwards'),
       (10, 2, 'Stella', 'Edwards'),
       (11, 4, 'Stella', 'Thomas'),
       (12, 4, 'Dan', 'Lewis'),
       (13, 4, 'Dan', 'Williams'),
       (14, 4, 'Jorge', 'Robinson'),
       (15, 4, 'John', 'Lewis'),
       (16, 5, 'Vera', 'Robinson'),
       (17, 5, 'Lucy', 'Brown'),
       (18, 5, 'John', 'Smith'),
       (19, 5, 'Isabel', 'Green'),
       (20, 5, 'Jorge', 'Wilson');